{
  "Reserve Request" : {
    "transaction" : "Reserve Request",
    "sampleCount" : 735,
    "errorCount" : 1,
    "errorPct" : 0.13605443,
    "meanResTime" : 868.2775510204084,
    "medianResTime" : 425.0,
    "minResTime" : 368.0,
    "maxResTime" : 42515.0,
    "pct1ResTime" : 1434.6,
    "pct2ResTime" : 3282.199999999999,
    "pct3ResTime" : 7473.5599999999995,
    "throughput" : 2.4807028320513558,
    "receivedKBytesPerSec" : 17.878473168540978,
    "sentKBytesPerSec" : 0.5596116740272101
  },
  "Total" : {
    "transaction" : "Total",
    "sampleCount" : 2177,
    "errorCount" : 1,
    "errorPct" : 0.045934774,
    "meanResTime" : 491.47450620119395,
    "medianResTime" : 309.0,
    "minResTime" : 241.0,
    "maxResTime" : 42515.0,
    "pct1ResTime" : 485.20000000000005,
    "pct2ResTime" : 562.0,
    "pct3ResTime" : 3721.0399999999936,
    "throughput" : 7.3476055311235395,
    "receivedKBytesPerSec" : 47.61249359784601,
    "sentKBytesPerSec" : 2.084444305690091
  },
  "Purchase Request" : {
    "transaction" : "Purchase Request",
    "sampleCount" : 733,
    "errorCount" : 0,
    "errorPct" : 0.0,
    "meanResTime" : 310.9454297407915,
    "medianResTime" : 283.0,
    "minResTime" : 244.0,
    "maxResTime" : 2279.0,
    "pct1ResTime" : 367.0,
    "pct2ResTime" : 405.1999999999998,
    "pct3ResTime" : 620.3799999999986,
    "throughput" : 2.526558159093886,
    "receivedKBytesPerSec" : 16.569641894634252,
    "sentKBytesPerSec" : 0.6933230885794746
  },
  "Confirmation Request" : {
    "transaction" : "Confirmation Request",
    "sampleCount" : 709,
    "errorCount" : 0,
    "errorPct" : 0.0,
    "meanResTime" : 287.49365303243957,
    "medianResTime" : 278.0,
    "minResTime" : 241.0,
    "maxResTime" : 491.0,
    "pct1ResTime" : 328.0,
    "pct2ResTime" : 350.0,
    "pct3ResTime" : 420.5999999999997,
    "throughput" : 2.5269535774748286,
    "receivedKBytesPerSec" : 14.26589091597612,
    "sentKBytesPerSec" : 0.8933175732869999
  }
}